"Region_ID","Region_Name","Region_Lat","Region_Lon","Vaccine_Name","Vaccine_Abbreviation","Age_Group","Coverage_Percentage","Year_Value","Source_File"
1,"Piemonte",45.0732745,7.680687483,"Difterite","DIF",18,"86.59",2019,"https://www.salute.gov.it/new/sites/default/files/imported/C_17_bancheDati_38_3_6_file.pdf"
1,"Piemonte",45.0732745,7.680687483,"Tetano","TET",18,"86.9",2019,"https://www.salute.gov.it/new/sites/default/files/imported/C_17_bancheDati_38_3_6_file.pdf"
1,"Piemonte",45.0732745,7.680687483,"Pertosse","PER",18,"85.45",2019,"https://www.salute.gov.it/new/sites/default/files/imported/C_17_bancheDati_38_3_6_file.pdf"
1,"Piemonte",45.0732745,7.680687483,"Morbillo, Parotite, Rosolia, Varicella","MPRV_first_dose",18,"96.21",2019,"https://www.salute.gov.it/new/sites/default/files/imported/C_17_bancheDati_38_3_6_file.pdf"
1,"Piemonte",45.0732745,7.680687483,"Morbillo, Parotite, Rosolia, Varicella","MPRV_second_dose",18,"92.84",2019,"https://www.salute.gov.it/new/sites/default/files/imported/C_17_bancheDati_38_3_6_file.pdf"
1,"Piemonte",45.0732745,7.680687483,"Parotite (prima dose)","PAR_first_dose",18,"95.72",2019,"https://www.salute.gov.it/new/sites/default/files/imported/C_17_bancheDati_38_3_6_file.pdf"
1,"Piemonte",45.0732745,7.680687483,"Parotite (seconda dose)","PAR_second_dose",18,"92.51",2019,"https://www.salute.gov.it/new/sites/default/files/imported/C_17_bancheDati_38_3_6_file.pdf"
1,"Piemonte",45.0732745,7.680687483,"Rosolia (prima dose)","ROS_first_dose",18,"95.75",2019,"https://www.salute.gov.it/new/sites/default/files/imported/C_17_bancheDati_38_3_6_file.pdf"
1,"Piemonte",45.0732745,7.680687483,"Rosolia (seconda dose)","ROS_second_dose",18,"92.57",2019,"https://www.salute.gov.it/new/sites/default/files/imported/C_17_bancheDati_38_3_6_file.pdf"
1,"Piemonte",45.0732745,7.680687483,"Meningococco C coniugato","Men C",18,"83.64",2019,"https://www.salute.gov.it/new/sites/default/files/imported/C_17_bancheDati_38_3_6_file.pdf"
1,"Piemonte",45.0732745,7.680687483,"Polio","POL",18,"17.84",2019,"https://www.salute.gov.it/new/sites/default/files/imported/C_17_bancheDati_38_3_6_file.pdf"
1,"Piemonte",45.0732745,7.680687483,"Epatite A","EP A",18,"2.94",2019,"https://www.salute.gov.it/new/sites/default/files/imported/C_17_bancheDati_38_3_6_file.pdf"
1,"Piemonte",45.0732745,7.680687483,"Meningococco ACYW coniugato","Men ACYW",18,"46.49",2019,"https://www.salute.gov.it/new/sites/default/files/imported/C_17_bancheDati_38_3_6_file.pdf"
2,"Valle d'Aosta",45.73750286,7.320149366,"Difterite","DIF",18,"89.47",2019,"https://www.salute.gov.it/new/sites/default/files/imported/C_17_bancheDati_38_3_6_file.pdf"
2,"Valle d'Aosta",45.73750286,7.320149366,"Tetano","TET",18,"90.73",2019,"https://www.salute.gov.it/new/sites/default/files/imported/C_17_bancheDati_38_3_6_file.pdf"
2,"Valle d'Aosta",45.73750286,7.320149366,"Pertosse","PER",18,"88.71",2019,"https://www.salute.gov.it/new/sites/default/files/imported/C_17_bancheDati_38_3_6_file.pdf"
2,"Valle d'Aosta",45.73750286,7.320149366,"Morbillo, Parotite, Rosolia, Varicella","MPRV_first_dose",18,"93.85",2019,"https://www.salute.gov.it/new/sites/default/files/imported/C_17_bancheDati_38_3_6_file.pdf"
2,"Valle d'Aosta",45.73750286,7.320149366,"Morbillo, Parotite, Rosolia, Varicella","MPRV_second_dose",18,"90.56",2019,"https://www.salute.gov.it/new/sites/default/files/imported/C_17_bancheDati_38_3_6_file.pdf"
2,"Valle d'Aosta",45.73750286,7.320149366,"Parotite (prima dose)","PAR_first_dose",18,"93.6",2019,"https://www.salute.gov.it/new/sites/default/files/imported/C_17_bancheDati_38_3_6_file.pdf"
2,"Valle d'Aosta",45.73750286,7.320149366,"Parotite (seconda dose)","PAR_second_dose",18,"88.71",2019,"https://www.salute.gov.it/new/sites/default/files/imported/C_17_bancheDati_38_3_6_file.pdf"
2,"Valle d'Aosta",45.73750286,7.320149366,"Rosolia (prima dose)","ROS_first_dose",18,"93.6",2019,"https://www.salute.gov.it/new/sites/default/files/imported/C_17_bancheDati_38_3_6_file.pdf"
2,"Valle d'Aosta",45.73750286,7.320149366,"Rosolia (seconda dose)","ROS_second_dose",18,"88.8",2019,"https://www.salute.gov.it/new/sites/default/files/imported/C_17_bancheDati_38_3_6_file.pdf"
2,"Valle d'Aosta",45.73750286,7.320149366,"Meningococco C coniugato","Men C",18,"87.11",2019,"https://www.salute.gov.it/new/sites/default/files/imported/C_17_bancheDati_38_3_6_file.pdf"
2,"Valle d'Aosta",45.73750286,7.320149366,"Polio","POL",18,"6.91",2019,"https://www.salute.gov.it/new/sites/default/files/imported/C_17_bancheDati_38_3_6_file.pdf"
2,"Valle d'Aosta",45.73750286,7.320149366,"Epatite A","EP A",18,"1.94",2019,"https://www.salute.gov.it/new/sites/default/files/imported/C_17_bancheDati_38_3_6_file.pdf"
2,"Valle d'Aosta",45.73750286,7.320149366,"Meningococco ACYW coniugato","Men ACYW",18,"48.1",2019,"https://www.salute.gov.it/new/sites/default/files/imported/C_17_bancheDati_38_3_6_file.pdf"
3,"Lombardia",45.46679409,9.190347404,"Difterite","DIF",18,"82.25",2019,"https://www.salute.gov.it/new/sites/default/files/imported/C_17_bancheDati_38_3_6_file.pdf"
3,"Lombardia",45.46679409,9.190347404,"Tetano","TET",18,"82.65",2019,"https://www.salute.gov.it/new/sites/default/files/imported/C_17_bancheDati_38_3_6_file.pdf"
3,"Lombardia",45.46679409,9.190347404,"Pertosse","PER",18,"79.56",2019,"https://www.salute.gov.it/new/sites/default/files/imported/C_17_bancheDati_38_3_6_file.pdf"
3,"Lombardia",45.46679409,9.190347404,"Morbillo, Parotite, Rosolia, Varicella","MPRV_first_dose",18,"93.84",2019,"https://www.salute.gov.it/new/sites/default/files/imported/C_17_bancheDati_38_3_6_file.pdf"
3,"Lombardia",45.46679409,9.190347404,"Morbillo, Parotite, Rosolia, Varicella","MPRV_second_dose",18,"90.2",2019,"https://www.salute.gov.it/new/sites/default/files/imported/C_17_bancheDati_38_3_6_file.pdf"
3,"Lombardia",45.46679409,9.190347404,"Parotite (prima dose)","PAR_first_dose",18,"93.37",2019,"https://www.salute.gov.it/new/sites/default/files/imported/C_17_bancheDati_38_3_6_file.pdf"
3,"Lombardia",45.46679409,9.190347404,"Parotite (seconda dose)","PAR_second_dose",18,"88.23",2019,"https://www.salute.gov.it/new/sites/default/files/imported/C_17_bancheDati_38_3_6_file.pdf"
3,"Lombardia",45.46679409,9.190347404,"Rosolia (prima dose)","ROS_first_dose",18,"93.48",2019,"https://www.salute.gov.it/new/sites/default/files/imported/C_17_bancheDati_38_3_6_file.pdf"
3,"Lombardia",45.46679409,9.190347404,"Rosolia (seconda dose)","ROS_second_dose",18,"88.54",2019,"https://www.salute.gov.it/new/sites/default/files/imported/C_17_bancheDati_38_3_6_file.pdf"
3,"Lombardia",45.46679409,9.190347404,"Meningococco C coniugato","Men C",18,NA,2019,"https://www.salute.gov.it/new/sites/default/files/imported/C_17_bancheDati_38_3_6_file.pdf"
3,"Lombardia",45.46679409,9.190347404,"Polio","POL",18,"10.33",2019,"https://www.salute.gov.it/new/sites/default/files/imported/C_17_bancheDati_38_3_6_file.pdf"
3,"Lombardia",45.46679409,9.190347404,"Epatite A","EP A",18,NA,2019,"https://www.salute.gov.it/new/sites/default/files/imported/C_17_bancheDati_38_3_6_file.pdf"
3,"Lombardia",45.46679409,9.190347404,"Meningococco ACYW coniugato","Men ACYW",18,NA,2019,"https://www.salute.gov.it/new/sites/default/files/imported/C_17_bancheDati_38_3_6_file.pdf"
21,"Bolzano",46.49933453,11.35662422,"Difterite","DIF",18,"71.93",2019,"https://www.salute.gov.it/new/sites/default/files/imported/C_17_bancheDati_38_3_6_file.pdf"
21,"Bolzano",46.49933453,11.35662422,"Tetano","TET",18,"72.91",2019,"https://www.salute.gov.it/new/sites/default/files/imported/C_17_bancheDati_38_3_6_file.pdf"
21,"Bolzano",46.49933453,11.35662422,"Pertosse","PER",18,"66.92",2019,"https://www.salute.gov.it/new/sites/default/files/imported/C_17_bancheDati_38_3_6_file.pdf"
21,"Bolzano",46.49933453,11.35662422,"Morbillo, Parotite, Rosolia, Varicella","MPRV_first_dose",18,"89.71",2019,"https://www.salute.gov.it/new/sites/default/files/imported/C_17_bancheDati_38_3_6_file.pdf"
21,"Bolzano",46.49933453,11.35662422,"Morbillo, Parotite, Rosolia, Varicella","MPRV_second_dose",18,"84.13",2019,"https://www.salute.gov.it/new/sites/default/files/imported/C_17_bancheDati_38_3_6_file.pdf"
21,"Bolzano",46.49933453,11.35662422,"Parotite (prima dose)","PAR_first_dose",18,"89.31",2019,"https://www.salute.gov.it/new/sites/default/files/imported/C_17_bancheDati_38_3_6_file.pdf"
21,"Bolzano",46.49933453,11.35662422,"Parotite (seconda dose)","PAR_second_dose",18,"83.52",2019,"https://www.salute.gov.it/new/sites/default/files/imported/C_17_bancheDati_38_3_6_file.pdf"
21,"Bolzano",46.49933453,11.35662422,"Rosolia (prima dose)","ROS_first_dose",18,"89.29",2019,"https://www.salute.gov.it/new/sites/default/files/imported/C_17_bancheDati_38_3_6_file.pdf"
21,"Bolzano",46.49933453,11.35662422,"Rosolia (seconda dose)","ROS_second_dose",18,"83.64",2019,"https://www.salute.gov.it/new/sites/default/files/imported/C_17_bancheDati_38_3_6_file.pdf"
21,"Bolzano",46.49933453,11.35662422,"Meningococco C coniugato","Men C",18,"34.3",2019,"https://www.salute.gov.it/new/sites/default/files/imported/C_17_bancheDati_38_3_6_file.pdf"
21,"Bolzano",46.49933453,11.35662422,"Polio","POL",18,"64.72",2019,"https://www.salute.gov.it/new/sites/default/files/imported/C_17_bancheDati_38_3_6_file.pdf"
21,"Bolzano",46.49933453,11.35662422,"Epatite A","EP A",18,"4.74",2019,"https://www.salute.gov.it/new/sites/default/files/imported/C_17_bancheDati_38_3_6_file.pdf"
21,"Bolzano",46.49933453,11.35662422,"Meningococco ACYW coniugato","Men ACYW",18,"33.16",2019,"https://www.salute.gov.it/new/sites/default/files/imported/C_17_bancheDati_38_3_6_file.pdf"
22,"Trento",46.06893511,11.12123097,"Difterite","DIF",18,"86.69",2019,"https://www.salute.gov.it/new/sites/default/files/imported/C_17_bancheDati_38_3_6_file.pdf"
22,"Trento",46.06893511,11.12123097,"Tetano","TET",18,"87.16",2019,"https://www.salute.gov.it/new/sites/default/files/imported/C_17_bancheDati_38_3_6_file.pdf"
22,"Trento",46.06893511,11.12123097,"Pertosse","PER",18,"84.44",2019,"https://www.salute.gov.it/new/sites/default/files/imported/C_17_bancheDati_38_3_6_file.pdf"
22,"Trento",46.06893511,11.12123097,"Morbillo, Parotite, Rosolia, Varicella","MPRV_first_dose",18,"93.84",2019,"https://www.salute.gov.it/new/sites/default/files/imported/C_17_bancheDati_38_3_6_file.pdf"
22,"Trento",46.06893511,11.12123097,"Morbillo, Parotite, Rosolia, Varicella","MPRV_second_dose",18,"90.69",2019,"https://www.salute.gov.it/new/sites/default/files/imported/C_17_bancheDati_38_3_6_file.pdf"
22,"Trento",46.06893511,11.12123097,"Parotite (prima dose)","PAR_first_dose",18,"93.7",2019,"https://www.salute.gov.it/new/sites/default/files/imported/C_17_bancheDati_38_3_6_file.pdf"
22,"Trento",46.06893511,11.12123097,"Parotite (seconda dose)","PAR_second_dose",18,"89.05",2019,"https://www.salute.gov.it/new/sites/default/files/imported/C_17_bancheDati_38_3_6_file.pdf"
22,"Trento",46.06893511,11.12123097,"Rosolia (prima dose)","ROS_first_dose",18,"93.73",2019,"https://www.salute.gov.it/new/sites/default/files/imported/C_17_bancheDati_38_3_6_file.pdf"
22,"Trento",46.06893511,11.12123097,"Rosolia (seconda dose)","ROS_second_dose",18,"89.21",2019,"https://www.salute.gov.it/new/sites/default/files/imported/C_17_bancheDati_38_3_6_file.pdf"
22,"Trento",46.06893511,11.12123097,"Meningococco C coniugato","Men C",18,"85.01",2019,"https://www.salute.gov.it/new/sites/default/files/imported/C_17_bancheDati_38_3_6_file.pdf"
22,"Trento",46.06893511,11.12123097,"Polio","POL",18,"5.69",2019,"https://www.salute.gov.it/new/sites/default/files/imported/C_17_bancheDati_38_3_6_file.pdf"
22,"Trento",46.06893511,11.12123097,"Epatite A","EP A",18,"4.32",2019,"https://www.salute.gov.it/new/sites/default/files/imported/C_17_bancheDati_38_3_6_file.pdf"
22,"Trento",46.06893511,11.12123097,"Meningococco ACYW coniugato","Men ACYW",18,"84.29",2019,"https://www.salute.gov.it/new/sites/default/files/imported/C_17_bancheDati_38_3_6_file.pdf"
5,"Veneto",45.43490485,12.33845213,"Difterite","DIF",18,"87.94",2019,"https://www.salute.gov.it/new/sites/default/files/imported/C_17_bancheDati_38_3_6_file.pdf"
5,"Veneto",45.43490485,12.33845213,"Tetano","TET",18,"88.88",2019,"https://www.salute.gov.it/new/sites/default/files/imported/C_17_bancheDati_38_3_6_file.pdf"
5,"Veneto",45.43490485,12.33845213,"Pertosse","PER",18,"86.19",2019,"https://www.salute.gov.it/new/sites/default/files/imported/C_17_bancheDati_38_3_6_file.pdf"
5,"Veneto",45.43490485,12.33845213,"Morbillo, Parotite, Rosolia, Varicella","MPRV_first_dose",18,"94.82",2019,"https://www.salute.gov.it/new/sites/default/files/imported/C_17_bancheDati_38_3_6_file.pdf"
5,"Veneto",45.43490485,12.33845213,"Morbillo, Parotite, Rosolia, Varicella","MPRV_second_dose",18,"91.49",2019,"https://www.salute.gov.it/new/sites/default/files/imported/C_17_bancheDati_38_3_6_file.pdf"
5,"Veneto",45.43490485,12.33845213,"Parotite (prima dose)","PAR_first_dose",18,"94.39",2019,"https://www.salute.gov.it/new/sites/default/files/imported/C_17_bancheDati_38_3_6_file.pdf"
5,"Veneto",45.43490485,12.33845213,"Parotite (seconda dose)","PAR_second_dose",18,"89.94",2019,"https://www.salute.gov.it/new/sites/default/files/imported/C_17_bancheDati_38_3_6_file.pdf"
5,"Veneto",45.43490485,12.33845213,"Rosolia (prima dose)","ROS_first_dose",18,"94.51",2019,"https://www.salute.gov.it/new/sites/default/files/imported/C_17_bancheDati_38_3_6_file.pdf"
5,"Veneto",45.43490485,12.33845213,"Rosolia (seconda dose)","ROS_second_dose",18,"90.14",2019,"https://www.salute.gov.it/new/sites/default/files/imported/C_17_bancheDati_38_3_6_file.pdf"
5,"Veneto",45.43490485,12.33845213,"Meningococco C coniugato","Men C",18,"48.39",2019,"https://www.salute.gov.it/new/sites/default/files/imported/C_17_bancheDati_38_3_6_file.pdf"
5,"Veneto",45.43490485,12.33845213,"Polio","POL",18,"86.53",2019,"https://www.salute.gov.it/new/sites/default/files/imported/C_17_bancheDati_38_3_6_file.pdf"
5,"Veneto",45.43490485,12.33845213,"Epatite A","EP A",18,"8.43",2019,"https://www.salute.gov.it/new/sites/default/files/imported/C_17_bancheDati_38_3_6_file.pdf"
5,"Veneto",45.43490485,12.33845213,"Meningococco ACYW coniugato","Men ACYW",18,"64.66",2019,"https://www.salute.gov.it/new/sites/default/files/imported/C_17_bancheDati_38_3_6_file.pdf"
6,"Friuli-Venezia Giulia",45.6494354,13.76813649,"Difterite","DIF",18,"81.29",2019,"https://www.salute.gov.it/new/sites/default/files/imported/C_17_bancheDati_38_3_6_file.pdf"
6,"Friuli-Venezia Giulia",45.6494354,13.76813649,"Tetano","TET",18,"82.44",2019,"https://www.salute.gov.it/new/sites/default/files/imported/C_17_bancheDati_38_3_6_file.pdf"
6,"Friuli-Venezia Giulia",45.6494354,13.76813649,"Pertosse","PER",18,"79.97",2019,"https://www.salute.gov.it/new/sites/default/files/imported/C_17_bancheDati_38_3_6_file.pdf"
6,"Friuli-Venezia Giulia",45.6494354,13.76813649,"Morbillo, Parotite, Rosolia, Varicella","MPRV_first_dose",18,"93.26",2019,"https://www.salute.gov.it/new/sites/default/files/imported/C_17_bancheDati_38_3_6_file.pdf"
6,"Friuli-Venezia Giulia",45.6494354,13.76813649,"Morbillo, Parotite, Rosolia, Varicella","MPRV_second_dose",18,"90.38",2019,"https://www.salute.gov.it/new/sites/default/files/imported/C_17_bancheDati_38_3_6_file.pdf"
6,"Friuli-Venezia Giulia",45.6494354,13.76813649,"Parotite (prima dose)","PAR_first_dose",18,"93.02",2019,"https://www.salute.gov.it/new/sites/default/files/imported/C_17_bancheDati_38_3_6_file.pdf"
6,"Friuli-Venezia Giulia",45.6494354,13.76813649,"Parotite (seconda dose)","PAR_second_dose",18,"89.24",2019,"https://www.salute.gov.it/new/sites/default/files/imported/C_17_bancheDati_38_3_6_file.pdf"
6,"Friuli-Venezia Giulia",45.6494354,13.76813649,"Rosolia (prima dose)","ROS_first_dose",18,"93.04",2019,"https://www.salute.gov.it/new/sites/default/files/imported/C_17_bancheDati_38_3_6_file.pdf"
6,"Friuli-Venezia Giulia",45.6494354,13.76813649,"Rosolia (seconda dose)","ROS_second_dose",18,"89.45",2019,"https://www.salute.gov.it/new/sites/default/files/imported/C_17_bancheDati_38_3_6_file.pdf"
6,"Friuli-Venezia Giulia",45.6494354,13.76813649,"Meningococco C coniugato","Men C",18,"75.66",2019,"https://www.salute.gov.it/new/sites/default/files/imported/C_17_bancheDati_38_3_6_file.pdf"
6,"Friuli-Venezia Giulia",45.6494354,13.76813649,"Polio","POL",18,"80.13",2019,"https://www.salute.gov.it/new/sites/default/files/imported/C_17_bancheDati_38_3_6_file.pdf"
6,"Friuli-Venezia Giulia",45.6494354,13.76813649,"Epatite A","EP A",18,"3.84",2019,"https://www.salute.gov.it/new/sites/default/files/imported/C_17_bancheDati_38_3_6_file.pdf"
6,"Friuli-Venezia Giulia",45.6494354,13.76813649,"Meningococco ACYW coniugato","Men ACYW",18,"73.46",2019,"https://www.salute.gov.it/new/sites/default/files/imported/C_17_bancheDati_38_3_6_file.pdf"
7,"Liguria",44.41149315,8.9326992,"Difterite","DIF",18,"79.53",2019,"https://www.salute.gov.it/new/sites/default/files/imported/C_17_bancheDati_38_3_6_file.pdf"
7,"Liguria",44.41149315,8.9326992,"Tetano","TET",18,"79.75",2019,"https://www.salute.gov.it/new/sites/default/files/imported/C_17_bancheDati_38_3_6_file.pdf"
7,"Liguria",44.41149315,8.9326992,"Pertosse","PER",18,"78.77",2019,"https://www.salute.gov.it/new/sites/default/files/imported/C_17_bancheDati_38_3_6_file.pdf"
7,"Liguria",44.41149315,8.9326992,"Morbillo, Parotite, Rosolia, Varicella","MPRV_first_dose",18,"81.41",2019,"https://www.salute.gov.it/new/sites/default/files/imported/C_17_bancheDati_38_3_6_file.pdf"
7,"Liguria",44.41149315,8.9326992,"Morbillo, Parotite, Rosolia, Varicella","MPRV_second_dose",18,"78.11",2019,"https://www.salute.gov.it/new/sites/default/files/imported/C_17_bancheDati_38_3_6_file.pdf"
7,"Liguria",44.41149315,8.9326992,"Parotite (prima dose)","PAR_first_dose",18,"80.41",2019,"https://www.salute.gov.it/new/sites/default/files/imported/C_17_bancheDati_38_3_6_file.pdf"
7,"Liguria",44.41149315,8.9326992,"Parotite (seconda dose)","PAR_second_dose",18,"76.98",2019,"https://www.salute.gov.it/new/sites/default/files/imported/C_17_bancheDati_38_3_6_file.pdf"
7,"Liguria",44.41149315,8.9326992,"Rosolia (prima dose)","ROS_first_dose",18,"80.8",2019,"https://www.salute.gov.it/new/sites/default/files/imported/C_17_bancheDati_38_3_6_file.pdf"
7,"Liguria",44.41149315,8.9326992,"Rosolia (seconda dose)","ROS_second_dose",18,"77.63",2019,"https://www.salute.gov.it/new/sites/default/files/imported/C_17_bancheDati_38_3_6_file.pdf"
7,"Liguria",44.41149315,8.9326992,"Meningococco C coniugato","Men C",18,"40.19",2019,"https://www.salute.gov.it/new/sites/default/files/imported/C_17_bancheDati_38_3_6_file.pdf"
7,"Liguria",44.41149315,8.9326992,"Polio","POL",18,"84.12",2019,"https://www.salute.gov.it/new/sites/default/files/imported/C_17_bancheDati_38_3_6_file.pdf"
7,"Liguria",44.41149315,8.9326992,"Epatite A","EP A",18,"3.32",2019,"https://www.salute.gov.it/new/sites/default/files/imported/C_17_bancheDati_38_3_6_file.pdf"
7,"Liguria",44.41149315,8.9326992,"Meningococco ACYW coniugato","Men ACYW",18,"71.71",2019,"https://www.salute.gov.it/new/sites/default/files/imported/C_17_bancheDati_38_3_6_file.pdf"
8,"Emilia-Romagna",44.49436681,11.3417208,"Difterite","DIF",18,"89.49",2019,"https://www.salute.gov.it/new/sites/default/files/imported/C_17_bancheDati_38_3_6_file.pdf"
8,"Emilia-Romagna",44.49436681,11.3417208,"Tetano","TET",18,"89.98",2019,"https://www.salute.gov.it/new/sites/default/files/imported/C_17_bancheDati_38_3_6_file.pdf"
8,"Emilia-Romagna",44.49436681,11.3417208,"Pertosse","PER",18,"86.1",2019,"https://www.salute.gov.it/new/sites/default/files/imported/C_17_bancheDati_38_3_6_file.pdf"
8,"Emilia-Romagna",44.49436681,11.3417208,"Morbillo, Parotite, Rosolia, Varicella","MPRV_first_dose",18,"94",2019,"https://www.salute.gov.it/new/sites/default/files/imported/C_17_bancheDati_38_3_6_file.pdf"
8,"Emilia-Romagna",44.49436681,11.3417208,"Morbillo, Parotite, Rosolia, Varicella","MPRV_second_dose",18,"90.51",2019,"https://www.salute.gov.it/new/sites/default/files/imported/C_17_bancheDati_38_3_6_file.pdf"
8,"Emilia-Romagna",44.49436681,11.3417208,"Parotite (prima dose)","PAR_first_dose",18,"93.76",2019,"https://www.salute.gov.it/new/sites/default/files/imported/C_17_bancheDati_38_3_6_file.pdf"
8,"Emilia-Romagna",44.49436681,11.3417208,"Parotite (seconda dose)","PAR_second_dose",18,"89.08",2019,"https://www.salute.gov.it/new/sites/default/files/imported/C_17_bancheDati_38_3_6_file.pdf"
8,"Emilia-Romagna",44.49436681,11.3417208,"Rosolia (prima dose)","ROS_first_dose",18,"93.84",2019,"https://www.salute.gov.it/new/sites/default/files/imported/C_17_bancheDati_38_3_6_file.pdf"
8,"Emilia-Romagna",44.49436681,11.3417208,"Rosolia (seconda dose)","ROS_second_dose",18,"89.41",2019,"https://www.salute.gov.it/new/sites/default/files/imported/C_17_bancheDati_38_3_6_file.pdf"
8,"Emilia-Romagna",44.49436681,11.3417208,"Meningococco C coniugato","Men C",18,"89.69",2019,"https://www.salute.gov.it/new/sites/default/files/imported/C_17_bancheDati_38_3_6_file.pdf"
8,"Emilia-Romagna",44.49436681,11.3417208,"Polio","POL",18,"95.89",2019,"https://www.salute.gov.it/new/sites/default/files/imported/C_17_bancheDati_38_3_6_file.pdf"
8,"Emilia-Romagna",44.49436681,11.3417208,"Epatite A","EP A",18,"7.17",2019,"https://www.salute.gov.it/new/sites/default/files/imported/C_17_bancheDati_38_3_6_file.pdf"
8,"Emilia-Romagna",44.49436681,11.3417208,"Meningococco ACYW coniugato","Men ACYW",18,"58.47",2019,"https://www.salute.gov.it/new/sites/default/files/imported/C_17_bancheDati_38_3_6_file.pdf"
9,"Toscana",43.76923077,11.25588885,"Difterite","DIF",18,"83.32",2019,"https://www.salute.gov.it/new/sites/default/files/imported/C_17_bancheDati_38_3_6_file.pdf"
9,"Toscana",43.76923077,11.25588885,"Tetano","TET",18,"84.15",2019,"https://www.salute.gov.it/new/sites/default/files/imported/C_17_bancheDati_38_3_6_file.pdf"
9,"Toscana",43.76923077,11.25588885,"Pertosse","PER",18,"81.64",2019,"https://www.salute.gov.it/new/sites/default/files/imported/C_17_bancheDati_38_3_6_file.pdf"
9,"Toscana",43.76923077,11.25588885,"Morbillo, Parotite, Rosolia, Varicella","MPRV_first_dose",18,"85.41",2019,"https://www.salute.gov.it/new/sites/default/files/imported/C_17_bancheDati_38_3_6_file.pdf"
9,"Toscana",43.76923077,11.25588885,"Morbillo, Parotite, Rosolia, Varicella","MPRV_second_dose",18,"85.01",2019,"https://www.salute.gov.it/new/sites/default/files/imported/C_17_bancheDati_38_3_6_file.pdf"
9,"Toscana",43.76923077,11.25588885,"Parotite (prima dose)","PAR_first_dose",18,"84.98",2019,"https://www.salute.gov.it/new/sites/default/files/imported/C_17_bancheDati_38_3_6_file.pdf"
9,"Toscana",43.76923077,11.25588885,"Parotite (seconda dose)","PAR_second_dose",18,"84.39",2019,"https://www.salute.gov.it/new/sites/default/files/imported/C_17_bancheDati_38_3_6_file.pdf"
9,"Toscana",43.76923077,11.25588885,"Rosolia (prima dose)","ROS_first_dose",18,"85.01",2019,"https://www.salute.gov.it/new/sites/default/files/imported/C_17_bancheDati_38_3_6_file.pdf"
9,"Toscana",43.76923077,11.25588885,"Rosolia (seconda dose)","ROS_second_dose",18,"84.49",2019,"https://www.salute.gov.it/new/sites/default/files/imported/C_17_bancheDati_38_3_6_file.pdf"
9,"Toscana",43.76923077,11.25588885,"Meningococco C coniugato","Men C",18,"76.53",2019,"https://www.salute.gov.it/new/sites/default/files/imported/C_17_bancheDati_38_3_6_file.pdf"
9,"Toscana",43.76923077,11.25588885,"Polio","POL",18,"25.64",2019,"https://www.salute.gov.it/new/sites/default/files/imported/C_17_bancheDati_38_3_6_file.pdf"
9,"Toscana",43.76923077,11.25588885,"Epatite A","EP A",18,"2.94",2019,"https://www.salute.gov.it/new/sites/default/files/imported/C_17_bancheDati_38_3_6_file.pdf"
9,"Toscana",43.76923077,11.25588885,"Meningococco ACYW coniugato","Men ACYW",18,"75.54",2019,"https://www.salute.gov.it/new/sites/default/files/imported/C_17_bancheDati_38_3_6_file.pdf"
10,"Um bria",43.10675841,12.38824698,"Difterite","DIF",18,"91.89",2019,"https://www.salute.gov.it/new/sites/default/files/imported/C_17_bancheDati_38_3_6_file.pdf"
10,"Um bria",43.10675841,12.38824698,"Tetano","TET",18,"92",2019,"https://www.salute.gov.it/new/sites/default/files/imported/C_17_bancheDati_38_3_6_file.pdf"
10,"Um bria",43.10675841,12.38824698,"Pertosse","PER",18,"91.71",2019,"https://www.salute.gov.it/new/sites/default/files/imported/C_17_bancheDati_38_3_6_file.pdf"
10,"Um bria",43.10675841,12.38824698,"Morbillo, Parotite, Rosolia, Varicella","MPRV_first_dose",18,"96.54",2019,"https://www.salute.gov.it/new/sites/default/files/imported/C_17_bancheDati_38_3_6_file.pdf"
10,"Um bria",43.10675841,12.38824698,"Morbillo, Parotite, Rosolia, Varicella","MPRV_second_dose",18,"95.19",2019,"https://www.salute.gov.it/new/sites/default/files/imported/C_17_bancheDati_38_3_6_file.pdf"
10,"Um bria",43.10675841,12.38824698,"Parotite (prima dose)","PAR_first_dose",18,"96.2",2019,"https://www.salute.gov.it/new/sites/default/files/imported/C_17_bancheDati_38_3_6_file.pdf"
10,"Um bria",43.10675841,12.38824698,"Parotite (seconda dose)","PAR_second_dose",18,"94.78",2019,"https://www.salute.gov.it/new/sites/default/files/imported/C_17_bancheDati_38_3_6_file.pdf"
10,"Um bria",43.10675841,12.38824698,"Rosolia (prima dose)","ROS_first_dose",18,"96.31",2019,"https://www.salute.gov.it/new/sites/default/files/imported/C_17_bancheDati_38_3_6_file.pdf"
10,"Um bria",43.10675841,12.38824698,"Rosolia (seconda dose)","ROS_second_dose",18,"94.9",2019,"https://www.salute.gov.it/new/sites/default/files/imported/C_17_bancheDati_38_3_6_file.pdf"
10,"Um bria",43.10675841,12.38824698,"Meningococco C coniugato","Men C",18,"82.32",2019,"https://www.salute.gov.it/new/sites/default/files/imported/C_17_bancheDati_38_3_6_file.pdf"
10,"Um bria",43.10675841,12.38824698,"Polio","POL",18,"95.7",2019,"https://www.salute.gov.it/new/sites/default/files/imported/C_17_bancheDati_38_3_6_file.pdf"
10,"Um bria",43.10675841,12.38824698,"Epatite A","EP A",18,"3.46",2019,"https://www.salute.gov.it/new/sites/default/files/imported/C_17_bancheDati_38_3_6_file.pdf"
10,"Um bria",43.10675841,12.38824698,"Meningococco ACYW coniugato","Men ACYW",18,"64.63",2019,"https://www.salute.gov.it/new/sites/default/files/imported/C_17_bancheDati_38_3_6_file.pdf"
11,"Marche",43.61675973,13.5188753,"Difterite","DIF",18,"85.06",2019,"https://www.salute.gov.it/new/sites/default/files/imported/C_17_bancheDati_38_3_6_file.pdf"
11,"Marche",43.61675973,13.5188753,"Tetano","TET",18,"85.27",2019,"https://www.salute.gov.it/new/sites/default/files/imported/C_17_bancheDati_38_3_6_file.pdf"
11,"Marche",43.61675973,13.5188753,"Pertosse","PER",18,"83.18",2019,"https://www.salute.gov.it/new/sites/default/files/imported/C_17_bancheDati_38_3_6_file.pdf"
11,"Marche",43.61675973,13.5188753,"Morbillo, Parotite, Rosolia, Varicella","MPRV_first_dose",18,"95.52",2019,"https://www.salute.gov.it/new/sites/default/files/imported/C_17_bancheDati_38_3_6_file.pdf"
11,"Marche",43.61675973,13.5188753,"Morbillo, Parotite, Rosolia, Varicella","MPRV_second_dose",18,"89.1",2019,"https://www.salute.gov.it/new/sites/default/files/imported/C_17_bancheDati_38_3_6_file.pdf"
11,"Marche",43.61675973,13.5188753,"Parotite (prima dose)","PAR_first_dose",18,"94.95",2019,"https://www.salute.gov.it/new/sites/default/files/imported/C_17_bancheDati_38_3_6_file.pdf"
11,"Marche",43.61675973,13.5188753,"Parotite (seconda dose)","PAR_second_dose",18,"87.36",2019,"https://www.salute.gov.it/new/sites/default/files/imported/C_17_bancheDati_38_3_6_file.pdf"
11,"Marche",43.61675973,13.5188753,"Rosolia (prima dose)","ROS_first_dose",18,"94.92",2019,"https://www.salute.gov.it/new/sites/default/files/imported/C_17_bancheDati_38_3_6_file.pdf"
11,"Marche",43.61675973,13.5188753,"Rosolia (seconda dose)","ROS_second_dose",18,"87.34",2019,"https://www.salute.gov.it/new/sites/default/files/imported/C_17_bancheDati_38_3_6_file.pdf"
11,"Marche",43.61675973,13.5188753,"Meningococco C coniugato","Men C",18,"67.74",2019,"https://www.salute.gov.it/new/sites/default/files/imported/C_17_bancheDati_38_3_6_file.pdf"
11,"Marche",43.61675973,13.5188753,"Polio","POL",18,"84.62",2019,"https://www.salute.gov.it/new/sites/default/files/imported/C_17_bancheDati_38_3_6_file.pdf"
11,"Marche",43.61675973,13.5188753,"Epatite A","EP A",18,"2.58",2019,"https://www.salute.gov.it/new/sites/default/files/imported/C_17_bancheDati_38_3_6_file.pdf"
11,"Marche",43.61675973,13.5188753,"Meningococco ACYW coniugato","Men ACYW",18,"53.93",2019,"https://www.salute.gov.it/new/sites/default/files/imported/C_17_bancheDati_38_3_6_file.pdf"
12,"Lazio",41.89277044,12.48366722,"Difterite","DIF",18,"63.23",2019,"https://www.salute.gov.it/new/sites/default/files/imported/C_17_bancheDati_38_3_6_file.pdf"
12,"Lazio",41.89277044,12.48366722,"Tetano","TET",18,"63.43",2019,"https://www.salute.gov.it/new/sites/default/files/imported/C_17_bancheDati_38_3_6_file.pdf"
12,"Lazio",41.89277044,12.48366722,"Pertosse","PER",18,"63.43",2019,"https://www.salute.gov.it/new/sites/default/files/imported/C_17_bancheDati_38_3_6_file.pdf"
12,"Lazio",41.89277044,12.48366722,"Morbillo, Parotite, Rosolia, Varicella","MPRV_first_dose",18,"87.09",2019,"https://www.salute.gov.it/new/sites/default/files/imported/C_17_bancheDati_38_3_6_file.pdf"
12,"Lazio",41.89277044,12.48366722,"Morbillo, Parotite, Rosolia, Varicella","MPRV_second_dose",18,"77.66",2019,"https://www.salute.gov.it/new/sites/default/files/imported/C_17_bancheDati_38_3_6_file.pdf"
12,"Lazio",41.89277044,12.48366722,"Parotite (prima dose)","PAR_first_dose",18,"86.85",2019,"https://www.salute.gov.it/new/sites/default/files/imported/C_17_bancheDati_38_3_6_file.pdf"
12,"Lazio",41.89277044,12.48366722,"Parotite (seconda dose)","PAR_second_dose",18,"76.62",2019,"https://www.salute.gov.it/new/sites/default/files/imported/C_17_bancheDati_38_3_6_file.pdf"
12,"Lazio",41.89277044,12.48366722,"Rosolia (prima dose)","ROS_first_dose",18,"86.86",2019,"https://www.salute.gov.it/new/sites/default/files/imported/C_17_bancheDati_38_3_6_file.pdf"
12,"Lazio",41.89277044,12.48366722,"Rosolia (seconda dose)","ROS_second_dose",18,"76.64",2019,"https://www.salute.gov.it/new/sites/default/files/imported/C_17_bancheDati_38_3_6_file.pdf"
12,"Lazio",41.89277044,12.48366722,"Meningococco C coniugato","Men C",18,"37.97",2019,"https://www.salute.gov.it/new/sites/default/files/imported/C_17_bancheDati_38_3_6_file.pdf"
12,"Lazio",41.89277044,12.48366722,"Polio","POL",18,"63.38",2019,"https://www.salute.gov.it/new/sites/default/files/imported/C_17_bancheDati_38_3_6_file.pdf"
12,"Lazio",41.89277044,12.48366722,"Epatite A","EP A",18,"0.98",2019,"https://www.salute.gov.it/new/sites/default/files/imported/C_17_bancheDati_38_3_6_file.pdf"
12,"Lazio",41.89277044,12.48366722,"Meningococco ACYW coniugato","Men ACYW",18,"34",2019,"https://www.salute.gov.it/new/sites/default/files/imported/C_17_bancheDati_38_3_6_file.pdf"
13,"Abruzzo",42.35122196,13.39843823,"Difterite","DIF",18,"87.28",2019,"https://www.salute.gov.it/new/sites/default/files/imported/C_17_bancheDati_38_3_6_file.pdf"
13,"Abruzzo",42.35122196,13.39843823,"Tetano","TET",18,"87.28",2019,"https://www.salute.gov.it/new/sites/default/files/imported/C_17_bancheDati_38_3_6_file.pdf"
13,"Abruzzo",42.35122196,13.39843823,"Pertosse","PER",18,"86.98",2019,"https://www.salute.gov.it/new/sites/default/files/imported/C_17_bancheDati_38_3_6_file.pdf"
13,"Abruzzo",42.35122196,13.39843823,"Morbillo, Parotite, Rosolia, Varicella","MPRV_first_dose",18,"44.3",2019,"https://www.salute.gov.it/new/sites/default/files/imported/C_17_bancheDati_38_3_6_file.pdf"
13,"Abruzzo",42.35122196,13.39843823,"Morbillo, Parotite, Rosolia, Varicella","MPRV_second_dose",18,"90.68",2019,"https://www.salute.gov.it/new/sites/default/files/imported/C_17_bancheDati_38_3_6_file.pdf"
13,"Abruzzo",42.35122196,13.39843823,"Parotite (prima dose)","PAR_first_dose",18,"44.28",2019,"https://www.salute.gov.it/new/sites/default/files/imported/C_17_bancheDati_38_3_6_file.pdf"
13,"Abruzzo",42.35122196,13.39843823,"Parotite (seconda dose)","PAR_second_dose",18,"90.67",2019,"https://www.salute.gov.it/new/sites/default/files/imported/C_17_bancheDati_38_3_6_file.pdf"
13,"Abruzzo",42.35122196,13.39843823,"Rosolia (prima dose)","ROS_first_dose",18,"44.29",2019,"https://www.salute.gov.it/new/sites/default/files/imported/C_17_bancheDati_38_3_6_file.pdf"
13,"Abruzzo",42.35122196,13.39843823,"Rosolia (seconda dose)","ROS_second_dose",18,"90.67",2019,"https://www.salute.gov.it/new/sites/default/files/imported/C_17_bancheDati_38_3_6_file.pdf"
13,"Abruzzo",42.35122196,13.39843823,"Meningococco C coniugato","Men C",18,"45.4",2019,"https://www.salute.gov.it/new/sites/default/files/imported/C_17_bancheDati_38_3_6_file.pdf"
13,"Abruzzo",42.35122196,13.39843823,"Polio","POL",18,"57.99",2019,"https://www.salute.gov.it/new/sites/default/files/imported/C_17_bancheDati_38_3_6_file.pdf"
13,"Abruzzo",42.35122196,13.39843823,"Epatite A","EP A",18,"0.76",2019,"https://www.salute.gov.it/new/sites/default/files/imported/C_17_bancheDati_38_3_6_file.pdf"
13,"Abruzzo",42.35122196,13.39843823,"Meningococco ACYW coniugato","Men ACYW",18,"30.42",2019,"https://www.salute.gov.it/new/sites/default/files/imported/C_17_bancheDati_38_3_6_file.pdf"
14,"Molise",41.55774754,14.65916051,"Difterite","DIF",18,"67.84",2019,"https://www.salute.gov.it/new/sites/default/files/imported/C_17_bancheDati_38_3_6_file.pdf"
14,"Molise",41.55774754,14.65916051,"Tetano","TET",18,"67.84",2019,"https://www.salute.gov.it/new/sites/default/files/imported/C_17_bancheDati_38_3_6_file.pdf"
14,"Molise",41.55774754,14.65916051,"Pertosse","PER",18,"67.84",2019,"https://www.salute.gov.it/new/sites/default/files/imported/C_17_bancheDati_38_3_6_file.pdf"
14,"Molise",41.55774754,14.65916051,"Morbillo, Parotite, Rosolia, Varicella","MPRV_first_dose",18,"93.19",2019,"https://www.salute.gov.it/new/sites/default/files/imported/C_17_bancheDati_38_3_6_file.pdf"
14,"Molise",41.55774754,14.65916051,"Morbillo, Parotite, Rosolia, Varicella","MPRV_second_dose",18,"90.13",2019,"https://www.salute.gov.it/new/sites/default/files/imported/C_17_bancheDati_38_3_6_file.pdf"
14,"Molise",41.55774754,14.65916051,"Parotite (prima dose)","PAR_first_dose",18,"93.19",2019,"https://www.salute.gov.it/new/sites/default/files/imported/C_17_bancheDati_38_3_6_file.pdf"
14,"Molise",41.55774754,14.65916051,"Parotite (seconda dose)","PAR_second_dose",18,"90.13",2019,"https://www.salute.gov.it/new/sites/default/files/imported/C_17_bancheDati_38_3_6_file.pdf"
14,"Molise",41.55774754,14.65916051,"Rosolia (prima dose)","ROS_first_dose",18,"93.19",2019,"https://www.salute.gov.it/new/sites/default/files/imported/C_17_bancheDati_38_3_6_file.pdf"
14,"Molise",41.55774754,14.65916051,"Rosolia (seconda dose)","ROS_second_dose",18,"90.13",2019,"https://www.salute.gov.it/new/sites/default/files/imported/C_17_bancheDati_38_3_6_file.pdf"
14,"Molise",41.55774754,14.65916051,"Meningococco C coniugato","Men C",18,"54.75",2019,"https://www.salute.gov.it/new/sites/default/files/imported/C_17_bancheDati_38_3_6_file.pdf"
14,"Molise",41.55774754,14.65916051,"Polio","POL",18,"47.98",2019,"https://www.salute.gov.it/new/sites/default/files/imported/C_17_bancheDati_38_3_6_file.pdf"
14,"Molise",41.55774754,14.65916051,"Epatite A","EP A",18,"0.71",2019,"https://www.salute.gov.it/new/sites/default/files/imported/C_17_bancheDati_38_3_6_file.pdf"
14,"Molise",41.55774754,14.65916051,"Meningococco ACYW coniugato","Men ACYW",18,"32.54",2019,"https://www.salute.gov.it/new/sites/default/files/imported/C_17_bancheDati_38_3_6_file.pdf"
15,"Campania",40.83956555,14.25084984,"Difterite","DIF",18,"55.15",2019,"https://www.salute.gov.it/new/sites/default/files/imported/C_17_bancheDati_38_3_6_file.pdf"
15,"Campania",40.83956555,14.25084984,"Tetano","TET",18,"55.23",2019,"https://www.salute.gov.it/new/sites/default/files/imported/C_17_bancheDati_38_3_6_file.pdf"
15,"Campania",40.83956555,14.25084984,"Pertosse","PER",18,"53.86",2019,"https://www.salute.gov.it/new/sites/default/files/imported/C_17_bancheDati_38_3_6_file.pdf"
15,"Campania",40.83956555,14.25084984,"Morbillo, Parotite, Rosolia, Varicella","MPRV_first_dose",18,"89.16",2019,"https://www.salute.gov.it/new/sites/default/files/imported/C_17_bancheDati_38_3_6_file.pdf"
15,"Campania",40.83956555,14.25084984,"Morbillo, Parotite, Rosolia, Varicella","MPRV_second_dose",18,"78.81",2019,"https://www.salute.gov.it/new/sites/default/files/imported/C_17_bancheDati_38_3_6_file.pdf"
15,"Campania",40.83956555,14.25084984,"Parotite (prima dose)","PAR_first_dose",18,"89.12",2019,"https://www.salute.gov.it/new/sites/default/files/imported/C_17_bancheDati_38_3_6_file.pdf"
15,"Campania",40.83956555,14.25084984,"Parotite (seconda dose)","PAR_second_dose",18,"78.27",2019,"https://www.salute.gov.it/new/sites/default/files/imported/C_17_bancheDati_38_3_6_file.pdf"
15,"Campania",40.83956555,14.25084984,"Rosolia (prima dose)","ROS_first_dose",18,"89.14",2019,"https://www.salute.gov.it/new/sites/default/files/imported/C_17_bancheDati_38_3_6_file.pdf"
15,"Campania",40.83956555,14.25084984,"Rosolia (seconda dose)","ROS_second_dose",18,"78.32",2019,"https://www.salute.gov.it/new/sites/default/files/imported/C_17_bancheDati_38_3_6_file.pdf"
15,"Campania",40.83956555,14.25084984,"Meningococco C coniugato","Men C",18,"24.94",2019,"https://www.salute.gov.it/new/sites/default/files/imported/C_17_bancheDati_38_3_6_file.pdf"
15,"Campania",40.83956555,14.25084984,"Polio","POL",18,"27.45",2019,"https://www.salute.gov.it/new/sites/default/files/imported/C_17_bancheDati_38_3_6_file.pdf"
15,"Campania",40.83956555,14.25084984,"Epatite A","EP A",18,"0.85",2019,"https://www.salute.gov.it/new/sites/default/files/imported/C_17_bancheDati_38_3_6_file.pdf"
15,"Campania",40.83956555,14.25084984,"Meningococco ACYW coniugato","Men ACYW",18,"23.87",2019,"https://www.salute.gov.it/new/sites/default/files/imported/C_17_bancheDati_38_3_6_file.pdf"
16,"Puglia",41.12559576,16.86736689,"Difterite","DIF",18,"71.39",2019,"https://www.salute.gov.it/new/sites/default/files/imported/C_17_bancheDati_38_3_6_file.pdf"
16,"Puglia",41.12559576,16.86736689,"Tetano","TET",18,"71.43",2019,"https://www.salute.gov.it/new/sites/default/files/imported/C_17_bancheDati_38_3_6_file.pdf"
16,"Puglia",41.12559576,16.86736689,"Pertosse","PER",18,"71.07",2019,"https://www.salute.gov.it/new/sites/default/files/imported/C_17_bancheDati_38_3_6_file.pdf"
16,"Puglia",41.12559576,16.86736689,"Morbillo, Parotite, Rosolia, Varicella","MPRV_first_dose",18,"94.63",2019,"https://www.salute.gov.it/new/sites/default/files/imported/C_17_bancheDati_38_3_6_file.pdf"
16,"Puglia",41.12559576,16.86736689,"Morbillo, Parotite, Rosolia, Varicella","MPRV_second_dose",18,"88.07",2019,"https://www.salute.gov.it/new/sites/default/files/imported/C_17_bancheDati_38_3_6_file.pdf"
16,"Puglia",41.12559576,16.86736689,"Parotite (prima dose)","PAR_first_dose",18,"94.58",2019,"https://www.salute.gov.it/new/sites/default/files/imported/C_17_bancheDati_38_3_6_file.pdf"
16,"Puglia",41.12559576,16.86736689,"Parotite (seconda dose)","PAR_second_dose",18,"87.95",2019,"https://www.salute.gov.it/new/sites/default/files/imported/C_17_bancheDati_38_3_6_file.pdf"
16,"Puglia",41.12559576,16.86736689,"Rosolia (prima dose)","ROS_first_dose",18,"94.61",2019,"https://www.salute.gov.it/new/sites/default/files/imported/C_17_bancheDati_38_3_6_file.pdf"
16,"Puglia",41.12559576,16.86736689,"Rosolia (seconda dose)","ROS_second_dose",18,"88",2019,"https://www.salute.gov.it/new/sites/default/files/imported/C_17_bancheDati_38_3_6_file.pdf"
16,"Puglia",41.12559576,16.86736689,"Meningococco C coniugato","Men C",18,"77.38",2019,"https://www.salute.gov.it/new/sites/default/files/imported/C_17_bancheDati_38_3_6_file.pdf"
16,"Puglia",41.12559576,16.86736689,"Polio","POL",18,"70.33",2019,"https://www.salute.gov.it/new/sites/default/files/imported/C_17_bancheDati_38_3_6_file.pdf"
16,"Puglia",41.12559576,16.86736689,"Epatite A","EP A",18,"75.31",2019,"https://www.salute.gov.it/new/sites/default/files/imported/C_17_bancheDati_38_3_6_file.pdf"
16,"Puglia",41.12559576,16.86736689,"Meningococco ACYW coniugato","Men ACYW",18,"69.22",2019,"https://www.salute.gov.it/new/sites/default/files/imported/C_17_bancheDati_38_3_6_file.pdf"
17,"Basilicata",40.63947052,15.80514834,"Difterite","DIF",18,"84.55",2019,"https://www.salute.gov.it/new/sites/default/files/imported/C_17_bancheDati_38_3_6_file.pdf"
17,"Basilicata",40.63947052,15.80514834,"Tetano","TET",18,"84.55",2019,"https://www.salute.gov.it/new/sites/default/files/imported/C_17_bancheDati_38_3_6_file.pdf"
17,"Basilicata",40.63947052,15.80514834,"Pertosse","PER",18,"84.55",2019,"https://www.salute.gov.it/new/sites/default/files/imported/C_17_bancheDati_38_3_6_file.pdf"
17,"Basilicata",40.63947052,15.80514834,"Morbillo, Parotite, Rosolia, Varicella","MPRV_first_dose",18,"86.45",2019,"https://www.salute.gov.it/new/sites/default/files/imported/C_17_bancheDati_38_3_6_file.pdf"
17,"Basilicata",40.63947052,15.80514834,"Morbillo, Parotite, Rosolia, Varicella","MPRV_second_dose",18,"81",2019,"https://www.salute.gov.it/new/sites/default/files/imported/C_17_bancheDati_38_3_6_file.pdf"
17,"Basilicata",40.63947052,15.80514834,"Parotite (prima dose)","PAR_first_dose",18,"86.45",2019,"https://www.salute.gov.it/new/sites/default/files/imported/C_17_bancheDati_38_3_6_file.pdf"
17,"Basilicata",40.63947052,15.80514834,"Parotite (seconda dose)","PAR_second_dose",18,"81",2019,"https://www.salute.gov.it/new/sites/default/files/imported/C_17_bancheDati_38_3_6_file.pdf"
17,"Basilicata",40.63947052,15.80514834,"Rosolia (prima dose)","ROS_first_dose",18,"86.45",2019,"https://www.salute.gov.it/new/sites/default/files/imported/C_17_bancheDati_38_3_6_file.pdf"
17,"Basilicata",40.63947052,15.80514834,"Rosolia (seconda dose)","ROS_second_dose",18,"81",2019,"https://www.salute.gov.it/new/sites/default/files/imported/C_17_bancheDati_38_3_6_file.pdf"
17,"Basilicata",40.63947052,15.80514834,"Meningococco C coniugato","Men C",18,"7.55",2019,"https://www.salute.gov.it/new/sites/default/files/imported/C_17_bancheDati_38_3_6_file.pdf"
17,"Basilicata",40.63947052,15.80514834,"Polio","POL",18,"70.16",2019,"https://www.salute.gov.it/new/sites/default/files/imported/C_17_bancheDati_38_3_6_file.pdf"
17,"Basilicata",40.63947052,15.80514834,"Epatite A","EP A",18,"0.7",2019,"https://www.salute.gov.it/new/sites/default/files/imported/C_17_bancheDati_38_3_6_file.pdf"
17,"Basilicata",40.63947052,15.80514834,"Meningococco ACYW coniugato","Men ACYW",18,"64.22",2019,"https://www.salute.gov.it/new/sites/default/files/imported/C_17_bancheDati_38_3_6_file.pdf"
18,"Calabria",38.90597598,16.59440194,"Difterite","DIF",18,"62.46",2019,"https://www.salute.gov.it/new/sites/default/files/imported/C_17_bancheDati_38_3_6_file.pdf"
18,"Calabria",38.90597598,16.59440194,"Tetano","TET",18,"62.46",2019,"https://www.salute.gov.it/new/sites/default/files/imported/C_17_bancheDati_38_3_6_file.pdf"
18,"Calabria",38.90597598,16.59440194,"Pertosse","PER",18,"62.46",2019,"https://www.salute.gov.it/new/sites/default/files/imported/C_17_bancheDati_38_3_6_file.pdf"
18,"Calabria",38.90597598,16.59440194,"Morbillo, Parotite, Rosolia, Varicella","MPRV_first_dose",18,"71.88",2019,"https://www.salute.gov.it/new/sites/default/files/imported/C_17_bancheDati_38_3_6_file.pdf"
18,"Calabria",38.90597598,16.59440194,"Morbillo, Parotite, Rosolia, Varicella","MPRV_second_dose",18,"56.76",2019,"https://www.salute.gov.it/new/sites/default/files/imported/C_17_bancheDati_38_3_6_file.pdf"
18,"Calabria",38.90597598,16.59440194,"Parotite (prima dose)","PAR_first_dose",18,"71.88",2019,"https://www.salute.gov.it/new/sites/default/files/imported/C_17_bancheDati_38_3_6_file.pdf"
18,"Calabria",38.90597598,16.59440194,"Parotite (seconda dose)","PAR_second_dose",18,"56.76",2019,"https://www.salute.gov.it/new/sites/default/files/imported/C_17_bancheDati_38_3_6_file.pdf"
18,"Calabria",38.90597598,16.59440194,"Rosolia (prima dose)","ROS_first_dose",18,"71.88",2019,"https://www.salute.gov.it/new/sites/default/files/imported/C_17_bancheDati_38_3_6_file.pdf"
18,"Calabria",38.90597598,16.59440194,"Rosolia (seconda dose)","ROS_second_dose",18,"56.76",2019,"https://www.salute.gov.it/new/sites/default/files/imported/C_17_bancheDati_38_3_6_file.pdf"
18,"Calabria",38.90597598,16.59440194,"Meningococco C coniugato","Men C",18,"36.93",2019,"https://www.salute.gov.it/new/sites/default/files/imported/C_17_bancheDati_38_3_6_file.pdf"
18,"Calabria",38.90597598,16.59440194,"Polio","POL",18,"56.17",2019,"https://www.salute.gov.it/new/sites/default/files/imported/C_17_bancheDati_38_3_6_file.pdf"
18,"Calabria",38.90597598,16.59440194,"Epatite A","EP A",18,"0.08",2019,"https://www.salute.gov.it/new/sites/default/files/imported/C_17_bancheDati_38_3_6_file.pdf"
18,"Calabria",38.90597598,16.59440194,"Meningococco ACYW coniugato","Men ACYW",18,"45.16",2019,"https://www.salute.gov.it/new/sites/default/files/imported/C_17_bancheDati_38_3_6_file.pdf"
19,"Sicilia",38.11569725,13.3623566999999,"Difterite","DIF",18,"50.67",2019,"https://www.salute.gov.it/new/sites/default/files/imported/C_17_bancheDati_38_3_6_file.pdf"
19,"Sicilia",38.11569725,13.3623566999999,"Tetano","TET",18,"51.91",2019,"https://www.salute.gov.it/new/sites/default/files/imported/C_17_bancheDati_38_3_6_file.pdf"
19,"Sicilia",38.11569725,13.3623566999999,"Pertosse","PER",18,"50.39",2019,"https://www.salute.gov.it/new/sites/default/files/imported/C_17_bancheDati_38_3_6_file.pdf"
19,"Sicilia",38.11569725,13.3623566999999,"Morbillo, Parotite, Rosolia, Varicella","MPRV_first_dose",18,"94.13",2019,"https://www.salute.gov.it/new/sites/default/files/imported/C_17_bancheDati_38_3_6_file.pdf"
19,"Sicilia",38.11569725,13.3623566999999,"Morbillo, Parotite, Rosolia, Varicella","MPRV_second_dose",18,"79.39",2019,"https://www.salute.gov.it/new/sites/default/files/imported/C_17_bancheDati_38_3_6_file.pdf"
19,"Sicilia",38.11569725,13.3623566999999,"Parotite (prima dose)","PAR_first_dose",18,"92.94",2019,"https://www.salute.gov.it/new/sites/default/files/imported/C_17_bancheDati_38_3_6_file.pdf"
19,"Sicilia",38.11569725,13.3623566999999,"Parotite (seconda dose)","PAR_second_dose",18,"79.23",2019,"https://www.salute.gov.it/new/sites/default/files/imported/C_17_bancheDati_38_3_6_file.pdf"
19,"Sicilia",38.11569725,13.3623566999999,"Rosolia (prima dose)","ROS_first_dose",18,"92.63",2019,"https://www.salute.gov.it/new/sites/default/files/imported/C_17_bancheDati_38_3_6_file.pdf"
19,"Sicilia",38.11569725,13.3623566999999,"Rosolia (seconda dose)","ROS_second_dose",18,"78.97",2019,"https://www.salute.gov.it/new/sites/default/files/imported/C_17_bancheDati_38_3_6_file.pdf"
19,"Sicilia",38.11569725,13.3623566999999,"Meningococco C coniugato","Men C",18,"36.77",2019,"https://www.salute.gov.it/new/sites/default/files/imported/C_17_bancheDati_38_3_6_file.pdf"
19,"Sicilia",38.11569725,13.3623566999999,"Polio","POL",18,"46.47",2019,"https://www.salute.gov.it/new/sites/default/files/imported/C_17_bancheDati_38_3_6_file.pdf"
19,"Sicilia",38.11569725,13.3623566999999,"Epatite A","EP A",18,"0.34",2019,"https://www.salute.gov.it/new/sites/default/files/imported/C_17_bancheDati_38_3_6_file.pdf"
19,"Sicilia",38.11569725,13.3623566999999,"Meningococco ACYW coniugato","Men ACYW",18,"35.6",2019,"https://www.salute.gov.it/new/sites/default/files/imported/C_17_bancheDati_38_3_6_file.pdf"
20,"Sardegna",39.21531192,9.110616306,"Difterite","DIF",18,"75.38",2019,"https://www.salute.gov.it/new/sites/default/files/imported/C_17_bancheDati_38_3_6_file.pdf"
20,"Sardegna",39.21531192,9.110616306,"Tetano","TET",18,"75.43",2019,"https://www.salute.gov.it/new/sites/default/files/imported/C_17_bancheDati_38_3_6_file.pdf"
20,"Sardegna",39.21531192,9.110616306,"Pertosse","PER",18,"74.04",2019,"https://www.salute.gov.it/new/sites/default/files/imported/C_17_bancheDati_38_3_6_file.pdf"
20,"Sardegna",39.21531192,9.110616306,"Morbillo, Parotite, Rosolia, Varicella","MPRV_first_dose",18,"89.58",2019,"https://www.salute.gov.it/new/sites/default/files/imported/C_17_bancheDati_38_3_6_file.pdf"
20,"Sardegna",39.21531192,9.110616306,"Morbillo, Parotite, Rosolia, Varicella","MPRV_second_dose",18,"83.85",2019,"https://www.salute.gov.it/new/sites/default/files/imported/C_17_bancheDati_38_3_6_file.pdf"
20,"Sardegna",39.21531192,9.110616306,"Parotite (prima dose)","PAR_first_dose",18,"89.57",2019,"https://www.salute.gov.it/new/sites/default/files/imported/C_17_bancheDati_38_3_6_file.pdf"
20,"Sardegna",39.21531192,9.110616306,"Parotite (seconda dose)","PAR_second_dose",18,"83.71",2019,"https://www.salute.gov.it/new/sites/default/files/imported/C_17_bancheDati_38_3_6_file.pdf"
20,"Sardegna",39.21531192,9.110616306,"Rosolia (prima dose)","ROS_first_dose",18,"89.59",2019,"https://www.salute.gov.it/new/sites/default/files/imported/C_17_bancheDati_38_3_6_file.pdf"
20,"Sardegna",39.21531192,9.110616306,"Rosolia (seconda dose)","ROS_second_dose",18,"83.74",2019,"https://www.salute.gov.it/new/sites/default/files/imported/C_17_bancheDati_38_3_6_file.pdf"
20,"Sardegna",39.21531192,9.110616306,"Meningococco C coniugato","Men C",18,"40.65",2019,"https://www.salute.gov.it/new/sites/default/files/imported/C_17_bancheDati_38_3_6_file.pdf"
20,"Sardegna",39.21531192,9.110616306,"Polio","POL",18,"44.89",2019,"https://www.salute.gov.it/new/sites/default/files/imported/C_17_bancheDati_38_3_6_file.pdf"
20,"Sardegna",39.21531192,9.110616306,"Epatite A","EP A",18,"0.71",2019,"https://www.salute.gov.it/new/sites/default/files/imported/C_17_bancheDati_38_3_6_file.pdf"
20,"Sardegna",39.21531192,9.110616306,"Meningococco ACYW coniugato","Men ACYW",18,"33.18",2019,"https://www.salute.gov.it/new/sites/default/files/imported/C_17_bancheDati_38_3_6_file.pdf"
NA,"Italia",41.1698638,7.4272648,"Difterite","DIF",18,"74.28",2019,"https://www.salute.gov.it/new/sites/default/files/imported/C_17_bancheDati_38_3_6_file.pdf"
NA,"Italia",41.1698638,7.4272648,"Tetano","TET",18,"74.71",2019,"https://www.salute.gov.it/new/sites/default/files/imported/C_17_bancheDati_38_3_6_file.pdf"
NA,"Italia",41.1698638,7.4272648,"Pertosse","PER",18,"72.91",2019,"https://www.salute.gov.it/new/sites/default/files/imported/C_17_bancheDati_38_3_6_file.pdf"
NA,"Italia",41.1698638,7.4272648,"Morbillo, Parotite, Rosolia, Varicella","MPRV_first_dose",18,"90.33",2019,"https://www.salute.gov.it/new/sites/default/files/imported/C_17_bancheDati_38_3_6_file.pdf"
NA,"Italia",41.1698638,7.4272648,"Morbillo, Parotite, Rosolia, Varicella","MPRV_second_dose",18,"84.93",2019,"https://www.salute.gov.it/new/sites/default/files/imported/C_17_bancheDati_38_3_6_file.pdf"
NA,"Italia",41.1698638,7.4272648,"Parotite (prima dose)","PAR_first_dose",18,"89.96",2019,"https://www.salute.gov.it/new/sites/default/files/imported/C_17_bancheDati_38_3_6_file.pdf"
NA,"Italia",41.1698638,7.4272648,"Parotite (seconda dose)","PAR_second_dose",18,"84.02",2019,"https://www.salute.gov.it/new/sites/default/files/imported/C_17_bancheDati_38_3_6_file.pdf"
NA,"Italia",41.1698638,7.4272648,"Rosolia (prima dose)","ROS_first_dose",18,"89.98",2019,"https://www.salute.gov.it/new/sites/default/files/imported/C_17_bancheDati_38_3_6_file.pdf"
NA,"Italia",41.1698638,7.4272648,"Rosolia (seconda dose)","ROS_second_dose",18,"84.13",2019,"https://www.salute.gov.it/new/sites/default/files/imported/C_17_bancheDati_38_3_6_file.pdf"
NA,"Italia",41.1698638,7.4272648,"Meningococco C coniugato","Men C",18,"44.96",2019,"https://www.salute.gov.it/new/sites/default/files/imported/C_17_bancheDati_38_3_6_file.pdf"
NA,"Italia",41.1698638,7.4272648,"Polio","POL",18,"48.74",2019,"https://www.salute.gov.it/new/sites/default/files/imported/C_17_bancheDati_38_3_6_file.pdf"
NA,"Italia",41.1698638,7.4272648,"Epatite A","EP A",18,"9.19",2019,"https://www.salute.gov.it/new/sites/default/files/imported/C_17_bancheDati_38_3_6_file.pdf"
NA,"Italia",41.1698638,7.4272648,"Meningococco ACYW coniugato","Men ACYW",18,"58.31",2019,"https://www.salute.gov.it/new/sites/default/files/imported/C_17_bancheDati_38_3_6_file.pdf"
